date,open,high,low,close
2016-01-01,500.15899658203125,504.666259765625,499.36651611328125,502.9079284667969
2016-01-04,497.7815246582031,502.14019775390625,488.7174377441406,492.9770812988281
2016-01-05,495.4535827636719,500.258056640625,493.819091796875,497.8558349609375
2016-01-06,499.0693359375,514.32470703125,495.50311279296875,511.2538146972656
2016-01-07,505.7311706542969,509.1735534667969,499.2922058105469,501.8677978515625
2016-01-08,505.2110900878906,511.60052490234375,503.57659912109375,508.0591125488281
2016-01-11,503.2051086425781,525.4195556640625,500.75335693359375,520.8627319335938
2016-01-12,522.5467529296875,527.6979370117188,515.6620483398438,517.8165893554688
2016-01-13,521.605712890625,539.7586059570312,518.6834106445312,533.3692016601562
2016-01-14,526.9302368164062,535.4246826171875,521.5809326171875,525.840576171875
2016-01-15,529.8525390625,539.6348266601562,527.7969970703125,531.61083984375
2016-01-18,532.452880859375,536.8858642578125,499.3169860839844,503.65087890625
2016-01-19,509.6688537597656,519.97119140625,502.288818359375,516.9003295898438
2016-01-20,512.5911254882812,512.5911254882812,490.3519592285156,497.55865478515625
2016-01-21,503.99761962890625,508.0591125488281,483.764404296875,487.47918701171875
2016-01-22,492.3579406738281,500.75335693359375,492.3579406738281,497.3605041503906
2016-01-25,500.258056640625,504.59197998046875,495.30499267578125,497.2614440917969
2016-01-27,499.3169860839844,500.258056640625,493.7943115234375,494.9830627441406
2016-01-28,495.80029296875,506.1026611328125,493.8686218261719,503.6756591796875
2016-01-29,504.6910400390625,515.1171875,504.2204895019531,512.8388061523438
2016-02-01,515.0924682617188,516.0087280273438,507.9600524902344,510.312744140625
2016-02-02,510.312744140625,511.5509948730469,490.599609375,495.8746032714844
2016-02-03,489.361328125,492.3331604003906,482.92236328125,486.0923156738281
2016-02-04,489.361328125,495.80029296875,478.3160400390625,481.95654296875
2016-02-05,484.953125,486.3895263671875,476.18621826171875,480.8916320800781
2016-02-08,480.9906921386719,487.7763671875,474.4774169921875,476.01287841796875
2016-02-09,471.97613525390625,479.85150146484375,470.5397644042969,474.2545471191406
2016-02-10,471.38177490234375,481.9317626953125,469.87109375,476.80535888671875
2016-02-11,476.9044189453125,478.43988037109375,453.45172119140625,457.9342346191406
2016-02-12,462.5653381347656,462.5653381347656,439.88037109375,449.01873779296875
2016-02-15,454.69000244140625,471.2084045410156,454.69000244140625,468.9300231933594
2016-02-16,471.0845947265625,474.502197265625,459.1477355957031,460.90606689453125
2016-02-17,463.1596984863281,474.2297668457031,453.8974914550781,471.8275451660156
2016-02-18,476.9539489746094,479.8019714355469,463.60546875,465.63623046875
2016-02-19,465.5867004394531,471.90185546875,464.2741394042969,467.74127197265625
2016-02-22,467.6174621582031,479.60382080078125,467.6174621582031,476.63201904296875
2016-02-23,477.02825927734375,479.0589904785156,466.94879150390625,470.36639404296875
2016-02-24,468.0137023925781,474.77459716796875,466.5773010253906,471.8523254394531
2016-02-25,472.6200256347656,473.78399658203125,466.0077209472656,467.6174621582031
2016-02-26,472.0256652832031,474.8736572265625,467.7165222167969,470.7131042480469
2016-02-29,471.18365478515625,492.63037109375,463.11016845703125,478.7865905761719
2016-03-01,477.82073974609375,487.90020751953125,477.79595947265625,486.04278564453125
2016-03-02,491.788330078125,498.15301513671875,488.9898681640625,496.0479736328125
2016-03-03,500.258056640625,504.2204895019531,494.0667419433594,501.669677734375
2016-03-04,502.2392578125,502.7345886230469,497.03857421875,498.4749450683594
2016-03-08,499.0198059082031,510.60992431640625,499.0198059082031,508.6782531738281
2016-03-09,505.2110900878906,517.0488891601562,504.5176696777344,515.959228515625
2016-03-10,516.132568359375,518.0394897460938,499.76275634765625,501.1248474121094
2016-03-11,502.68505859375,509.9412536621094,500.55523681640625,502.4869384765625
2016-03-14,504.76531982421875,508.38104248046875,501.7192077636719,505.0872802734375
2016-03-15,507.19232177734375,509.0992431640625,502.78411865234375,505.4587707519531
2016-03-16,505.7064208984375,508.0838623046875,498.0044250488281,506.077880859375
2016-03-17,508.6782531738281,513.581787109375,501.2486572265625,503.2298889160156
2016-03-18,504.3443298339844,510.2384338378906,503.081298828125,508.7773132324219
2016-03-21,509.1487731933594,515.8601684570312,506.57318115234375,513.7799072265625
2016-03-22,513.6312866210938,521.1846923828125,512.962646484375,519.00537109375
2016-03-23,518.5347900390625,518.5347900390625,506.39984130859375,509.7679138183594
2016-03-28,510.1641540527344,511.00616455078125,503.0565185546875,505.4092102050781
2016-03-29,507.09326171875,516.1077880859375,505.3101501464844,513.2598266601562
2016-03-30,516.4545288085938,520.93701171875,516.4545288085938,518.609130859375
2016-03-31,515.6124877929688,523.0421142578125,511.50146484375,517.6928100585938
2016-04-01,514.6714477539062,518.2376098632812,507.6876220703125,512.3682861328125
2016-04-04,515.1171875,516.2068481445312,507.8362121582031,512.6654663085938
2016-04-05,510.83282470703125,516.305908203125,506.30078125,508.6534729003906
2016-04-06,511.20428466796875,513.4827270507812,506.4989013671875,512.0215454101562
2016-04-07,512.5911254882812,519.0796508789062,506.2512512207031,513.755126953125
2016-04-08,513.08642578125,522.2743530273438,510.7585144042969,513.309326171875
2016-04-11,513.6312866210938,517.8413696289062,511.6500549316406,515.2658081054688
2016-04-12,515.2658081054688,523.76025390625,514.1513671875,518.782470703125
2016-04-13,521.333251953125,529.9268188476562,521.333251953125,528.0198974609375
2016-04-18,527.8960571289062,528.391357421875,522.744873046875,527.3759765625
2016-04-20,529.5801391601562,529.5801391601562,513.0369262695312,513.7799072265625
2016-04-21,515.8106079101562,521.0608520507812,512.6406860351562,515.6868286132812
2016-04-22,514.6218872070312,518.8319702148438,509.81744384765625,514.5971069335938
2016-04-25,517.3212890625,517.3212890625,501.3972473144531,503.6756591796875
2016-04-26,502.9327087402344,507.1427917480469,499.0198059082031,503.7004089355469
2016-04-27,504.17095947265625,508.1581726074219,503.2298889160156,504.9139099121094
2016-04-28,502.2392578125,504.8148498535156,490.8224792480469,493.6705017089844
2016-04-29,492.0607604980469,494.5868225097656,484.8293151855469,486.7362365722656
2016-05-02,484.9035949707031,491.5406799316406,484.4082946777344,488.8412780761719
2016-05-03,489.361328125,492.8037109375,481.8079528808594,483.3186340332031
2016-05-04,482.45184326171875,487.2315368652344,481.9317626953125,484.45782470703125
2016-05-05,485.3988952636719,487.1076965332031,480.8916320800781,483.04620361328125
2016-05-06,481.9317626953125,483.8139343261719,478.9599304199219,479.92578125
2016-05-09,482.92236328125,488.3707275390625,481.83270263671875,486.9343566894531
2016-05-10,486.9343566894531,487.7268371582031,484.4082946777344,486.66192626953125
2016-05-11,481.33740234375,485.7703857421875,480.44586181640625,483.1205139160156
2016-05-12,483.4176940917969,492.4322204589844,482.9471435546875,491.7388000488281
2016-05-13,489.8318786621094,490.6243591308594,482.92236328125,484.4825744628906
2016-05-16,483.9129943847656,486.6371765136719,480.9906921386719,483.3929138183594
2016-05-17,485.5227355957031,486.9343566894531,478.63800048828125,480.02484130859375
2016-05-18,478.41510009765625,481.6841125488281,477.5235595703125,480.71826171875
2016-05-19,481.2878723144531,481.3869323730469,468.36041259765625,471.1341247558594
2016-05-20,471.5303649902344,472.76861572265625,461.30230712890625,462.71392822265625
2016-05-23,464.2741394042969,465.93341064453125,458.47906494140625,460.6336669921875
2016-05-24,459.6678161621094,467.56793212890625,459.6678161621094,465.8096008300781
2016-05-25,470.4654541015625,471.9266052246094,466.15631103515625,471.1341247558594
2016-05-26,470.5397644042969,471.7284851074219,467.6174621582031,468.97955322265625
2016-05-27,470.0692138671875,483.86346435546875,469.9206237792969,482.7737731933594
2016-05-30,483.6158142089844,486.1418762207031,477.9693298339844,479.8019714355469
2016-05-31,479.9505615234375,481.9317626953125,473.7592468261719,474.4278869628906
2016-06-01,474.4774169921875,478.51416015625,471.4313049316406,472.3228454589844
2016-06-02,472.76861572265625,474.0811767578125,468.1127624511719,473.6354064941406
2016-06-03,475.4927978515625,476.92919921875,473.4372863769531,475.3194580078125
2016-06-06,475.98809814453125,476.9787292480469,471.80279541015625,472.9172058105469
2016-06-07,474.1307067871094,475.9633483886719,471.3322448730469,473.0410461425781
2016-06-08,474.502197265625,474.502197265625,470.1187438964844,472.57049560546875
2016-06-09,475.4927978515625,483.64056396484375,473.61065673828125,481.01544189453125
2016-06-10,482.42706298828125,487.5782470703125,479.60382080078125,483.764404296875
2016-06-13,480.3963317871094,487.1076965332031,477.00347900390625,485.9437255859375
2016-06-14,485.86944580078125,488.07354736328125,480.0991516113281,483.54150390625
2016-06-15,485.3988952636719,488.6183776855469,482.3032531738281,487.67730712890625
2016-06-16,485.8941955566406,487.2067565917969,478.9847106933594,483.5662841796875
2016-06-17,483.9129943847656,484.7302551269531,480.4953918457031,482.8728332519531
2016-06-20,481.5107727050781,491.6397399902344,479.4552307128906,490.4510192871094
2016-06-21,492.3826904296875,492.407470703125,485.25030517578125,488.9155578613281
2016-06-22,487.87542724609375,488.3211975097656,483.9625244140625,485.64654541015625
2016-06-23,485.3741455078125,486.3895263671875,480.44586181640625,485.6217956542969
2016-06-24,477.9197998046875,477.9197998046875,462.31768798828125,471.2579345703125
2016-06-27,465.8343505859375,474.7003173828125,465.8343505859375,473.3382263183594
2016-06-28,473.709716796875,476.2605285644531,473.0162658691406,474.40313720703125
2016-06-29,476.4833984375,479.92578125,475.4927978515625,478.910400390625
2016-06-30,481.43646240234375,484.16064453125,478.9847106933594,480.02484130859375
2016-07-01,481.8079528808594,483.8139343261719,480.44586181640625,482.1546630859375
2016-07-04,483.1700439453125,492.1350402832031,483.1700439453125,488.7174377441406
2016-07-05,488.4202575683594,496.74139404296875,485.5474853515625,491.88739013671875
2016-07-07,491.5902099609375,495.5526428222656,488.4450378417969,489.3117980957031
2016-07-08,488.86602783203125,489.8566589355469,483.5910339355469,484.6064147949219
2016-07-11,490.8472595214844,492.8037109375,488.1230773925781,491.5902099609375
2016-07-12,492.9523010253906,497.7815246582031,490.8472595214844,496.9890441894531
2016-07-13,497.8805847167969,503.57659912109375,497.3605041503906,499.638916015625
2016-07-14,499.3169860839844,502.288818359375,494.438232421875,497.73199462890625
2016-07-15,499.76275634765625,505.7064208984375,497.03857421875,501.34771728515625
2016-07-18,509.1735534667969,514.498046875,496.1717834472656,498.4006652832031
2016-07-19,498.2768249511719,506.6722412109375,492.9770812988281,504.1214294433594
2016-07-20,505.18634033203125,509.3221435546875,503.5022888183594,506.697021484375
2016-07-21,507.19232177734375,507.6876220703125,497.7815246582031,498.4501953125
2016-07-22,498.2768249511719,504.1214294433594,497.8310546875,502.6602783203125
2016-07-25,502.2392578125,507.0685119628906,498.94549560546875,506.57318115234375
2016-07-26,506.697021484375,512.5416259765625,502.8336486816406,507.21710205078125
2016-07-27,506.7217712402344,508.18292236328125,499.73797607421875,501.7934875488281
2016-07-28,502.7098083496094,510.41180419921875,501.76873779296875,508.3562927246094
2016-07-29,507.19232177734375,507.6380920410156,501.2486572265625,502.68505859375
2016-08-01,504.2204895019531,505.35968017578125,497.8063049316406,500.0104064941406
2016-08-02,499.2674560546875,505.2110900878906,498.4254150390625,501.6448974609375
2016-08-03,502.4374084472656,502.4374084472656,491.09490966796875,492.30841064453125
2016-08-04,494.8096923828125,495.30499267578125,487.08294677734375,491.8378601074219
2016-08-05,494.31439208984375,504.7157897949219,493.8438415527344,503.35369873046875
2016-08-08,505.16156005859375,512.1453857421875,504.5424499511719,509.79266357421875
2016-08-09,508.6782531738281,512.3930053710938,505.7064208984375,510.5108642578125
2016-08-10,510.7832946777344,512.4177856445312,496.2956237792969,497.11285400390625
2016-08-11,496.2708435058594,506.6227111816406,495.10687255859375,502.288818359375
2016-08-12,503.7251892089844,516.5535888671875,503.7251892089844,513.0369262695312
2016-08-16,513.2598266601562,517.4946899414062,502.98223876953125,507.6380920410156
2016-08-17,507.2418518066406,509.5697937011719,498.8711853027344,501.8925476074219
2016-08-18,503.2298889160156,507.01898193359375,503.2298889160156,504.2452697753906
2016-08-19,504.2204895019531,506.20172119140625,498.8216552734375,502.68505859375
2016-08-22,501.2486572265625,505.0625,498.8711853027344,501.17437744140625
2016-08-23,501.2486572265625,502.7345886230469,497.7815246582031,500.4809265136719
2016-08-24,501.1000671386719,506.17694091796875,500.75335693359375,505.4587707519531
2016-08-25,505.80548095703125,509.6688537597656,499.76275634765625,501.5953674316406
2016-08-26,504.17095947265625,510.5603942871094,502.5364685058594,509.1240234375
2016-08-29,508.80206298828125,524.8994750976562,508.2324523925781,523.76025390625
2016-08-30,526.013916015625,529.2333984375,521.55615234375,528.1932373046875
2016-08-31,527.4503173828125,531.9575805664062,518.5843505859375,525.0233154296875
2016-09-01,521.55615234375,531.3384399414062,508.0343322753906,509.7679138183594
2016-09-02,510.708984375,511.42718505859375,496.4442138671875,501.9173278808594
2016-09-06,505.16156005859375,507.6876220703125,502.7345886230469,505.16156005859375
2016-09-07,506.20172119140625,508.7030029296875,501.76873779296875,504.0471496582031
2016-09-08,506.7217712402344,513.1112060546875,505.3101501464844,511.8481750488281
2016-09-09,512.6406860351562,520.020751953125,510.1641540527344,517.370849609375
2016-09-12,510.3622741699219,523.0421142578125,509.7431335449219,518.336669921875
2016-09-14,519.0796508789062,524.5280151367188,515.56298828125,517.4699096679688
2016-09-15,518.5843505859375,530.075439453125,518.5843505859375,527.4998168945312
2016-09-16,528.4904174804688,541.7893676757812,524.5775146484375,532.7252807617188
2016-09-19,531.2393798828125,538.891845703125,530.4716796875,536.1181640625
2016-09-20,536.91064453125,537.2821044921875,529.5057983398438,532.056640625
2016-09-21,531.9575805664062,537.3563842773438,529.4810791015625,531.0908203125
2016-09-22,536.4153442382812,542.7552490234375,534.43408203125,539.3623657226562
2016-09-23,539.3871459960938,549.51611328125,539.3871459960938,546.2223510742188
2016-09-26,546.51953125,559.4717407226562,544.9593505859375,548.4016723632812
2016-09-27,553.2556762695312,557.6886596679688,548.1044921875,550.0361938476562
2016-09-28,548.7484130859375,548.7979736328125,538.0498046875,540.2044067382812
2016-09-29,542.3590087890625,550.1600341796875,528.6885375976562,531.1898803710938
2016-09-30,528.9857177734375,542.1361083984375,528.1437377929688,536.7620239257812
2016-10-03,538.3965454101562,548.773193359375,533.072021484375,540.2291870117188
2016-10-04,541.3931274414062,548.946533203125,540.873046875,543.0276489257812
2016-10-05,546.8167114257812,548.0549926757812,537.8021850585938,539.5852661132812
2016-10-06,540.873046875,557.8372802734375,540.873046875,550.184814453125
2016-10-07,551.769775390625,556.2522583007812,548.0549926757812,549.2932739257812
2016-10-10,551.769775390625,555.7322387695312,541.8636474609375,543.0276489257812
2016-10-13,539.3871459960938,539.4119262695312,521.0608520507812,523.6116943359375
2016-10-14,526.5092163085938,535.9200439453125,525.840576171875,533.7654418945312
2016-10-17,534.9293823242188,535.3256225585938,524.4041748046875,525.3452758789062
2016-10-18,527.9951171875,536.29150390625,526.0386962890625,535.4742431640625
2016-10-19,537.1334838867188,542.2103881835938,535.622802734375,538.5698852539062
2016-10-20,541.8389282226562,543.8449096679688,536.9353637695312,538.6689453125
2016-10-21,543.349609375,543.349609375,524.2308349609375,527.1035766601562
2016-10-24,529.9763793945312,531.9575805664062,525.3452758789062,526.6578369140625
2016-10-25,527.4998168945312,527.6236572265625,522.1505126953125,525.4443359375
2016-10-26,523.0668334960938,524.7509155273438,521.1104125976562,522.0762329101562
2016-10-27,520.6151123046875,522.001953125,516.80126953125,519.4263305664062
2016-10-28,520.0702514648438,524.03271484375,516.9993896484375,522.5220336914062
2016-11-01,520.7141723632812,523.017333984375,518.782470703125,520.5655517578125
2016-11-02,515.6124877929688,516.52880859375,505.7064208984375,507.0685119628906
2016-11-03,507.1180419921875,512.516845703125,505.50830078125,507.1675720214844
2016-11-04,505.3349304199219,508.62872314453125,495.30499267578125,498.053955078125
2016-11-07,502.2392578125,503.5022888183594,494.83447265625,495.8746032714844
2016-11-08,498.12823486328125,498.12823486328125,494.4629821777344,497.03857421875
2016-11-09,470.5397644042969,499.76275634765625,460.6336669921875,497.5834045410156
2016-11-10,504.5176696777344,509.6440734863281,498.7721252441406,500.4561767578125
2016-11-11,494.2401123046875,503.97283935546875,492.8780212402344,496.1717834472656
2016-11-15,493.5714416503906,495.30499267578125,485.176025390625,488.07354736328125
2016-11-16,492.8284912109375,493.72003173828125,485.74560546875,488.6431579589844
2016-11-17,488.3707275390625,494.3887023925781,482.62518310546875,484.2844543457031
2016-11-18,487.87542724609375,491.68927001953125,486.3895263671875,489.1136779785156
2016-11-21,489.1384582519531,492.11029052734375,486.98388671875,491.09490966796875
2016-11-22,494.1658020019531,499.16839599609375,491.9864501953125,496.023193359375
2016-11-23,497.7815246582031,500.5057067871094,495.0821228027344,499.76275634765625
2016-11-24,498.053955078125,498.053955078125,486.48858642578125,489.0393981933594
2016-11-25,490.3519592285156,493.2742614746094,487.553466796875,492.1845703125
2016-11-28,491.8378601074219,495.6021728515625,487.4296569824219,488.69268798828125
2016-11-29,489.8566589355469,497.434814453125,489.3861083984375,494.1658020019531
2016-11-30,495.2802429199219,495.2802429199219,488.69268798828125,490.376708984375
2016-12-01,495.30499267578125,502.7345886230469,492.8284912109375,494.1905517578125
2016-12-02,493.2742614746094,497.7815246582031,491.2434997558594,492.70465087890625
2016-12-05,492.8284912109375,495.1564025878906,488.6183776855469,492.2588806152344
2016-12-06,493.32379150390625,498.54925537109375,492.63037109375,497.8805847167969
2016-12-07,497.2862243652344,499.0693359375,493.49713134765625,494.8840026855469
2016-12-08,497.8063049316406,506.1026611328125,497.4595947265625,505.2358703613281
2016-12-09,506.20172119140625,511.0804748535156,505.35968017578125,509.6440734863281
2016-12-12,505.4587707519531,515.959228515625,505.4587707519531,508.7773132324219
2016-12-13,509.1735534667969,515.6124877929688,508.9506530761719,515.0181274414062
2016-12-14,515.0181274414062,527.2274169921875,514.2256469726562,524.775634765625
2016-12-15,521.2589721679688,528.78759765625,519.401611328125,521.5314331054688
2016-12-16,521.0608520507812,526.013916015625,521.0608520507812,523.6116943359375
2016-12-19,522.5467529296875,528.4656982421875,522.224853515625,526.2863159179688
2016-12-20,522.398193359375,525.5186157226562,521.6304931640625,523.983154296875
2016-12-21,525.0728149414062,528.6390380859375,523.636474609375,526.633056640625
2016-12-22,524.03271484375,526.3358764648438,520.540771484375,521.7295532226562
2016-12-23,521.0608520507812,529.456298828125,521.0608520507812,523.6859741210938
2016-12-26,522.224853515625,527.9951171875,517.4203491210938,518.8072509765625
2016-12-27,519.00537109375,528.5399780273438,518.5843505859375,527.3512573242188
2016-12-28,528.9362182617188,529.7534790039062,518.6338500976562,519.9216918945312
2016-12-29,520.0702514648438,529.3819580078125,519.8225708007812,527.7227172851562
2016-12-30,527.4007568359375,537.4059448242188,526.5587768554688,536.1181640625
2017-01-02,536.91064453125,539.8824462890625,531.1403198242188,537.4554443359375
2017-01-03,539.8081665039062,543.349609375,535.4742431640625,539.5852661132812
2017-01-04,541.31884765625,541.3683471679688,527.1531372070312,528.5647583007812
2017-01-05,530.4716796875,534.8798828125,529.3572387695312,533.6416015625
2017-01-06,532.056640625,537.4059448242188,531.5117797851562,532.4281005859375
2017-01-09,533.4434814453125,537.9012451171875,530.4716796875,533.7902221679688
2017-01-10,534.9293823242188,542.061767578125,534.9293823242188,539.8081665039062
2017-01-11,542.3590087890625,542.7056884765625,536.91064453125,537.926025390625
2017-01-12,538.3965454101562,540.0557861328125,534.830322265625,536.5639038085938
2017-01-13,537.1830444335938,543.5972290039062,537.1830444335938,540.08056640625
2017-01-16,539.857666015625,541.8389282226562,531.9328002929688,533.072021484375
2017-01-17,527.4998168945312,528.9857177734375,514.374267578125,515.736328125
2017-01-18,516.4049682617188,519.0796508789062,509.5450134277344,511.42718505859375
2017-01-19,512.7149658203125,517.7423095703125,510.6594543457031,511.9967956542969
2017-01-20,512.12060546875,513.8541870117188,507.1427917480469,508.0838623046875
2017-01-23,506.1026611328125,510.6594543457031,501.6448974609375,503.18035888671875
2017-01-24,503.7251892089844,509.5697937011719,503.7251892089844,508.82684326171875
2017-01-25,511.1547546386719,511.50146484375,503.3041687011719,503.873779296875
2017-01-27,505.3349304199219,509.61932373046875,504.7157897949219,507.7371520996094
2017-01-30,507.6628723144531,518.3119506835938,507.58856201171875,517.4946899414062
2017-01-31,518.5100708007812,521.952392578125,515.2658081054688,517.6928100585938
2017-02-01,518.1385498046875,520.5160522460938,512.73974609375,519.8969116210938
2017-02-02,520.0702514648438,520.4664916992188,514.2504272460938,516.8507690429688
2017-02-03,518.0890502929688,520.2931518554688,510.21368408203125,511.9720153808594
2017-02-06,513.6312866210938,517.544189453125,511.1795349121094,515.9344482421875
2017-02-07,516.1077880859375,516.2811889648438,508.7773132324219,510.60992431640625
2017-02-08,510.60992431640625,514.2504272460938,506.20172119140625,507.7619323730469
2017-02-09,509.1735534667969,512.1453857421875,508.57916259765625,511.5262451171875
2017-02-10,512.6406860351562,512.9130859375,507.9600524902344,510.2384338378906
2017-02-13,511.6500549316406,512.1453857421875,506.20172119140625,510.08984375
2017-02-14,512.6406860351562,521.5066528320312,510.1146240234375,519.97119140625
2017-02-15,521.5066528320312,523.7850341796875,517.717529296875,520.7141723632812
2017-02-16,521.333251953125,529.7039184570312,521.333251953125,528.7380981445312
2017-02-17,528.2427978515625,534.037841796875,524.2555541992188,532.7005004882812
2017-02-20,530.248779296875,534.3598022460938,528.2427978515625,532.6510009765625
2017-02-21,532.5519409179688,540.3529663085938,531.487060546875,538.9909057617188
2017-02-22,541.3683471679688,600.1362915039062,540.873046875,598.080810546875
2017-02-23,601.1021728515625,605.2626953125,584.137939453125,585.822021484375
2017-02-27,589.6605834960938,622.4993286132812,589.5863037109375,613.6333618164062
2017-02-28,610.2157592773438,618.140625,608.482177734375,613.2123413085938
2017-03-01,614.2277221679688,616.3575439453125,609.2251586914062,611.4540405273438
2017-03-02,613.1380615234375,621.4591674804688,607.7639770507812,612.5684814453125
2017-03-03,614.9459228515625,637.853759765625,614.9459228515625,623.3660888671875
2017-03-06,628.5420532226562,649.8401489257812,626.6846313476562,646.54638671875
2017-03-07,653.2330322265625,657.2697143554688,641.9895629882812,646.3482666015625
2017-03-08,647.7103271484375,647.7103271484375,637.0117797851562,639.537841796875
2017-03-09,638.9434814453125,642.9058837890625,634.7333374023438,637.333740234375
2017-03-10,639.0672607421875,641.915283203125,624.6786499023438,634.8076782226562
2017-03-14,653.1834716796875,653.3073120117188,636.5907592773438,638.69580078125
2017-03-15,639.4635009765625,651.969970703125,639.1416015625,646.3482666015625
2017-03-16,648.8495483398438,649.0476684570312,640.7265625,642.7325439453125
2017-03-17,647.8589477539062,653.77783203125,642.9306640625,644.2432250976562
2017-03-20,646.8683471679688,646.9921875,633.1731567382812,634.3866577148438
2017-03-21,635.080078125,635.922119140625,623.7376098632812,625.9664916992188
2017-03-22,620.1218872070312,627.006591796875,617.4224243164062,623.9357299804688
2017-03-23,625.64453125,632.7769165039062,623.0936889648438,630.671875
2017-03-24,631.068115234375,639.93408203125,628.2696533203125,637.333740234375
2017-03-27,629.5822143554688,633.3712768554688,617.744384765625,619.6760864257812
2017-03-28,623.0936889648438,626.0655517578125,615.2183227539062,617.0261840820312
2017-03-29,619.9732666015625,624.0842895507812,610.8843994140625,622.425048828125
2017-03-30,621.6077880859375,631.3900756835938,620.6171875,629.3593139648438
2017-03-31,627.05615234375,662.5447387695312,627.05615234375,654.2483520507812
2017-04-03,664.6993408203125,683.7685546875,662.24755859375,680.8710327148438
2017-04-05,691.049560546875,702.3424682617188,683.5704345703125,700.8565673828125
2017-04-06,697.884765625,717.6473999023438,694.5166625976562,712.4962768554688
2017-04-07,703.9769897460938,710.2673950195312,694.6900634765625,696.696044921875
2017-04-10,698.3800659179688,705.7600708007812,682.18359375,684.1895751953125
2017-04-11,687.4090576171875,693.64990234375,678.6173706054688,679.7318115234375
2017-04-12,684.9077758789062,686.7156372070312,669.2313842773438,670.6430053710938
2017-04-13,670.6430053710938,680.2518920898438,667.3491821289062,675.9922485351562
2017-04-17,676.09130859375,691.222900390625,676.09130859375,689.3902587890625
2017-04-18,693.4022216796875,698.3800659179688,677.0819702148438,678.6669311523438
2017-04-19,678.0725708007812,684.783935546875,672.4013061523438,677.9735107421875
2017-04-20,683.0255737304688,686.8889770507812,675.6455688476562,678.344970703125
2017-04-21,683.7685546875,703.8284301757812,682.802734375,694.665283203125
2017-04-24,697.9094848632812,710.7626953125,693.5260620117188,702.0452880859375
2017-04-25,723.1453247070312,726.9839477539062,706.3544921875,709.6730346679688
2017-04-26,710.7626953125,713.2639770507812,694.7147827148438,701.5747680664062
2017-04-27,701.84716796875,705.3886108398438,694.5166625976562,698.1323852539062
2017-04-28,698.2562255859375,703.481689453125,688.96923828125,691.049560546875
2017-05-02,694.4176025390625,694.4176025390625,676.7352294921875,678.8402709960938
2017-05-03,681.9854736328125,683.8923950195312,676.09130859375,678.6173706054688
2017-05-04,681.0443725585938,683.32275390625,670.667724609375,672.5994262695312
2017-05-05,674.4072875976562,677.2553100585938,656.2791137695312,657.8888549804688
2017-05-08,658.7556762695312,663.4610595703125,652.9853515625,654.4960327148438
2017-05-09,655.7838134765625,660.5635375976562,653.9264526367188,658.9290161132812
2017-05-10,661.1331176757812,675.3978881835938,659.0775756835938,673.1690063476562
2017-05-11,675.6455688476562,678.4440307617188,669.47900390625,673.3919067382812
2017-05-12,673.6395874023438,675.5960083007812,665.7146606445312,668.8846435546875
2017-05-15,671.8317260742188,671.8317260742188,660.4891967773438,665.7394409179688
2017-05-16,666.705322265625,681.9854736328125,664.2039794921875,671.7821655273438
2017-05-17,670.1476440429688,676.5618896484375,667.5473022460938,670.1972045898438
2017-05-18,663.83251953125,668.6617431640625,655.8333740234375,657.443115234375
2017-05-19,660.2415771484375,661.5789184570312,648.8495483398438,653.2330322265625
2017-05-22,657.0220947265625,660.5387573242188,651.4251708984375,655.8580932617188
2017-05-23,656.6258544921875,658.6813354492188,644.8870849609375,646.6454467773438
2017-05-24,647.6112670898438,650.6821899414062,641.469482421875,642.75732421875
2017-05-25,643.896484375,650.0382690429688,642.13818359375,645.1099853515625
2017-05-26,645.8529663085938,665.8880615234375,643.896484375,662.3713989257812
2017-05-29,662.2227783203125,676.314208984375,661.5293579101562,672.079345703125
2017-05-30,671.5840454101562,675.9427490234375,667.9188232421875,673.2928466796875
2017-05-31,677.0819702148438,677.552490234375,661.62841796875,664.055419921875
2017-06-01,660.0929565429688,663.7086791992188,655.2885131835938,657.8888549804688
2017-06-02,661.232177734375,663.0648193359375,652.3167114257812,656.1552734375
2017-06-05,656.8982543945312,664.2039794921875,651.7470703125,658.4337158203125
2017-06-06,660.7120971679688,660.7120971679688,649.3448486328125,650.2363891601562
2017-06-07,649.4439086914062,664.6993408203125,648.354248046875,663.21337890625
2017-06-08,663.7086791992188,666.086181640625,657.789794921875,659.59765625
2017-06-09,666.2347412109375,670.1229248046875,659.2509765625,661.5789184570312
2017-06-12,657.046875,658.6318359375,652.3167114257812,653.5302124023438
2017-06-13,654.0997924804688,657.2697143554688,649.3448486328125,651.004150390625
2017-06-14,651.7718505859375,673.6148071289062,651.7718505859375,672.3765258789062
2017-06-15,673.6148071289062,690.9505004882812,673.1690063476562,685.4773559570312
2017-06-16,688.0281982421875,691.3467407226562,678.2211303710938,687.8795776367188
2017-06-19,688.572998046875,701.2528076171875,688.572998046875,698.0086059570312
2017-06-20,697.884765625,704.3732299804688,697.1170043945312,699.5440063476562
2017-06-21,697.2904052734375,707.2955322265625,695.5320434570312,704.32373046875
2017-06-22,708.0137329101562,715.9138793945312,707.14697265625,709.5986938476562
2017-06-23,711.2579956054688,714.2297973632812,708.5833129882812,711.1837158203125
2017-06-27,709.2767944335938,714.72509765625,705.8096313476562,711.8275756835938
2017-06-28,713.2144165039062,713.2144165039062,691.222900390625,692.6840209960938
2017-06-29,693.427001953125,698.3800659179688,688.5234985351562,689.811279296875
2017-06-30,689.4645385742188,689.6626586914062,681.0691528320312,683.5209350585938
2017-07-03,687.5823974609375,690.8018798828125,679.0631713867188,684.0409545898438
2017-07-04,688.4739379882812,706.8497924804688,687.9786376953125,704.2989501953125
2017-07-05,708.0137329101562,716.92919921875,705.3143310546875,714.5517578125
2017-07-06,717.54833984375,718.1922607421875,712.2485961914062,714.5022583007812
2017-07-07,714.72509765625,741.8430786132812,713.2391967773438,738.5740356445312
2017-07-10,740.530517578125,743.4032592773438,737.5586547851562,739.4160766601562
2017-07-11,743.4528198242188,745.1368408203125,736.5185546875,740.1590576171875
2017-07-12,742.6603393554688,755.3401489257812,741.71923828125,748.4553833007812
2017-07-13,747.2914428710938,755.3401489257812,746.0036010742188,753.9037475585938
2017-07-14,752.8635864257812,760.7885131835938,750.6594848632812,759.674072265625
2017-07-17,761.2838134765625,772.4776611328125,761.2838134765625,768.5895385742188
2017-07-18,766.1377563476562,768.6143188476562,748.4058837890625,752.8140869140625
2017-07-19,749.1983642578125,761.7791137695312,749.1983642578125,759.27783203125
2017-07-20,762.6458740234375,767.7227783203125,754.6962280273438,757.2717895507812
2017-07-21,767.7227783203125,788.376953125,765.221435546875,785.0584106445312
2017-07-24,792.4879760742188,804.8211059570312,785.0584106445312,800.0413818359375
2017-07-25,804.7220458984375,804.8458862304688,791.2992553710938,793.5529174804688
2017-07-26,794.5682983398438,807.297607421875,793.0328369140625,803.7561645507812
2017-07-27,806.3565673828125,808.090087890625,786.7177124023438,789.9124145507812
2017-07-28,788.1541137695312,795.43505859375,781.59130859375,789.7390747070312
2017-07-31,793.453857421875,801.7997436523438,790.5067749023438,800.0166625976562
2017-08-01,803.7561645507812,803.7561645507812,788.2778930664062,794.2711181640625
2017-08-02,797.4410400390625,810.17041015625,796.5,806.950927734375
2017-08-03,805.7869262695312,824.63330078125,800.9329833984375,817.3027954101562
2017-08-04,823.6921997070312,823.6921997070312,799.9671020507812,803.458984375
2017-08-07,808.1396484375,808.1396484375,798.7041015625,800.5862426757812
2017-08-08,801.4035034179688,802.9141845703125,785.949951171875,793.7510375976562
2017-08-09,793.23095703125,802.3941040039062,785.0584106445312,791.8936157226562
2017-08-10,789.045654296875,795.7817993164062,781.5665283203125,784.7365112304688
2017-08-11,768.1932983398438,782.5819091796875,759.3025512695312,765.8653564453125
2017-08-14,773.1710815429688,784.810791015625,773.1710815429688,779.1395263671875
2017-08-16,778.6194458007812,780.6007080078125,767.8218383789062,775.6971435546875
2017-08-17,777.133544921875,791.3240356445312,773.2454223632812,776.1924438476562
2017-08-18,774.6570434570312,781.4922485351562,769.282958984375,780.3035278320312
2017-08-21,781.0960083007812,784.637451171875,772.7996215820312,774.8551635742188
2017-08-22,778.6194458007812,782.5323486328125,770.7193603515625,772.7005615234375
2017-08-23,775.0780639648438,785.826171875,769.282958984375,783.5972900390625
2017-08-24,787.5349731445312,789.0703735351562,774.9046630859375,776.6630249023438
2017-08-28,782.1113891601562,783.5477294921875,773.2701416015625,775.9200439453125
2017-08-29,773.5921020507812,776.3905639648438,757.816650390625,758.8815307617188
2017-08-30,766.50927734375,777.0344848632812,763.3888549804688,774.70654296875
2017-08-31,780.1054077148438,791.2249755859375,779.6100463867188,789.7638549804688
2017-09-01,792.4136962890625,800.7100830078125,791.99267578125,797.4906005859375
2017-09-04,800.1652221679688,810.393310546875,790.4324951171875,799.100341796875
2017-09-05,807.34716796875,809.7493896484375,802.9141845703125,808.6349487304688
2017-09-06,805.5640869140625,818.4915161132812,803.7809448242188,814.974853515625
2017-09-07,815.2720336914062,824.682861328125,807.34716796875,810.4180297851562
2017-09-08,812.3002319335938,815.5197143554688,804.474365234375,809.2293090820312
2017-09-11,813.5880126953125,819.0858764648438,808.8826293945312,810.2199096679688
2017-09-12,815.0243530273438,817.2532348632812,809.328369140625,816.0150146484375
2017-09-13,816.2626342773438,851.8255615234375,814.2814331054688,841.0278930664062
2017-09-14,847.7640380859375,853.4105224609375,834.0936279296875,835.92626953125
2017-09-15,834.0936279296875,844.8417358398438,826.9116821289062,833.8955078125
2017-09-18,842.0184936523438,843.0586547851562,835.1832885742188,837.6102905273438
2017-09-19,840.730712890625,840.7802734375,829.1405639648438,830.7255249023438
2017-09-20,848.0612182617188,864.3072509765625,837.1644897460938,839.1952514648438
2017-09-21,839.0466918945312,843.7025146484375,828.3976440429688,833.44970703125
2017-09-22,832.0133666992188,832.0133666992188,805.5640869140625,809.724609375
2017-09-25,807.34716796875,820.175537109375,797.63916015625,813.8356323242188
2017-09-26,813.9842529296875,819.2839965820312,804.5734252929688,812.3992919921875
2017-09-27,817.8475952148438,817.9466552734375,788.0302734375,791.64599609375
2017-09-28,792.1412963867188,795.3607788085938,772.8739013671875,779.0652465820312
2017-09-29,784.3154907226562,785.949951171875,771.7842407226562,773.5673828125
2017-10-03,787.5349731445312,796.3018798828125,777.9755859375,790.853515625
2017-10-04,791.6954956054688,817.2037353515625,788.1293334960938,811.1610107421875
2017-10-05,817.2532348632812,820.6708374023438,810.962890625,816.4112548828125
2017-10-06,816.2626342773438,831.468505859375,814.8757934570312,829.1901245117188
2017-10-09,831.121826171875,831.914306640625,820.22509765625,822.8502197265625
2017-10-10,823.1968994140625,839.3438720703125,823.1968994140625,835.2823486328125
2017-10-11,837.3626098632812,850.339599609375,828.1499633789062,832.260986328125
2017-10-12,834.1926879882812,868.5668334960938,834.1926879882812,864.5548706054688
2017-10-13,871.0433959960938,882.3363037109375,865.1492309570312,868.2201538085938
2017-10-16,870.7462158203125,883.6241455078125,853.21240234375,868.5668334960938
2017-10-17,869.755615234375,875.69921875,859.0570068359375,866.1398315429688
2017-10-18,869.1611938476562,909.2809448242188,866.7837524414062,905.912841796875
2017-10-19,907.2006225585938,913.2433471679688,894.5208129882812,901.3560180664062
2017-10-23,904.327880859375,935.8292846679688,900.5635375976562,930.92578125
2017-10-24,938.8010864257812,938.8010864257812,919.4841918945312,925.4774169921875
2017-10-25,931.2724609375,937.0180053710938,920.77197265625,931.0743408203125
2017-10-26,931.1734008789062,948.8062744140625,922.2579345703125,938.50390625
2017-10-27,941.0795288085938,947.7166137695312,917.0076904296875,921.1187133789062
2017-10-30,925.229736328125,936.6712646484375,921.8616943359375,933.64990234375
2017-10-31,936.076904296875,936.869384765625,923.4466552734375,932.0154418945312
2017-11-01,938.8506469726562,948.8062744140625,936.869384765625,943.6055908203125
2017-11-02,943.8532104492188,947.5184936523438,935.3834838867188,937.71142578125
2017-11-03,946.9736328125,946.9736328125,931.322021484375,936.4236450195312
2017-11-06,933.64990234375,933.64990234375,920.2766723632812,923.7438354492188
2017-11-07,924.5858764648438,926.2203369140625,894.5703735351562,898.1860961914062
2017-11-08,894.0255126953125,897.49267578125,875.7982788085938,879.4635620117188
2017-11-09,886.3483276367188,901.3560180664062,883.6736450195312,892.0443115234375
2017-11-10,892.4901123046875,892.4901123046875,870.9443359375,875.5506591796875
2017-11-13,876.6898803710938,883.5250854492188,865.2978515625,867.0314331054688
2017-11-14,866.7837524414062,886.595947265625,864.8025512695312,878.3739013671875
2017-11-15,876.194580078125,882.2372436523438,869.7060546875,875.4020385742188
2017-11-16,877.1851806640625,897.49267578125,877.1851806640625,895.3628540039062
2017-11-17,910.321044921875,916.2152099609375,899.9691772460938,903.3372802734375
2017-11-20,897.6907958984375,915.6703491210938,896.5020751953125,912.2032470703125
2017-11-21,918.0973510742188,930.8267211914062,916.8095703125,923.7933349609375
2017-11-22,928.6473388671875,929.8360595703125,914.77880859375,922.01025390625
2017-11-23,922.2579345703125,940.98046875,917.9487915039062,938.107666015625
2017-11-24,941.0795288085938,950.4902954101562,938.50390625,942.169189453125
2017-11-27,938.3553466796875,948.5090942382812,935.1358642578125,942.4168090820312
2017-11-28,940.930908203125,942.4168090820312,929.291259765625,934.491943359375
2017-11-29,933.0060424804688,941.0795288085938,932.1640014648438,937.1170654296875
2017-11-30,932.6098022460938,932.6098022460938,910.8659057617188,912.8966674804688
2017-12-01,915.7694091796875,922.5055541992188,899.1766967773438,901.5541381835938
2017-12-04,904.9222412109375,905.2194213867188,888.9238891601562,893.1339721679688
2017-12-05,892.5891723632812,912.1041870117188,887.041748046875,905.120361328125
2017-12-06,901.455078125,921.5645141601562,900.266357421875,917.9487915039062
2017-12-07,921.3168334960938,927.2109375,914.3330078125,922.802734375
2017-12-08,925.0811767578125,928.1520385742188,910.4201049804688,912.351806640625
2017-12-11,913.7882080078125,917.3048706054688,904.9718017578125,907.54736328125
2017-12-12,907.3492431640625,920.2766723632812,899.473876953125,907.0025024414062
2017-12-13,908.2903442382812,916.2647094726562,902.1485595703125,906.0614624023438
2017-12-14,910.37060546875,916.2152099609375,900.2168579101562,912.8471069335938
2017-12-15,922.2579345703125,924.1896362304688,909.0828247070312,911.113525390625
2017-12-18,903.3867797851562,923.8923950195312,854.5497436523438,912.351806640625
2017-12-19,914.9274291992188,918.2954711914062,911.3612060546875,917.2553100585938
2017-12-20,917.205810546875,918.6917114257812,908.389404296875,909.528564453125
2017-12-21,909.8257446289062,915.2741088867188,901.455078125,904.3773803710938
2017-12-22,906.0614624023438,913.7386474609375,900.7616577148438,911.7574462890625
2017-12-26,916.1656494140625,930.083740234375,909.528564453125,921.0692138671875
2017-12-27,924.2391357421875,928.6968994140625,910.37060546875,915.0759887695312
2017-12-28,916.5618896484375,925.6259765625,910.4696655273438,915.5217895507812
2017-12-29,917.8001708984375,923.5457153320312,909.8753051757812,912.4013671875
2018-01-01,914.0358276367188,914.0358276367188,898.9785766601562,901.2074584960938
2018-01-02,904.4269409179688,910.9154052734375,897.888916015625,902.5942993164062
2018-01-03,916.3142700195312,917.3048706054688,904.4764404296875,906.2100219726562
2018-01-04,909.528564453125,913.144287109375,907.1015625,911.6583862304688
2018-01-05,913.144287109375,918.1964111328125,911.60888671875,914.5806884765625
2018-01-08,917.4039306640625,922.2579345703125,914.828369140625,919.8309326171875
2018-01-09,919.4346923828125,935.0368041992188,915.3236694335938,932.114501953125
2018-01-10,934.145263671875,938.50390625,926.7156372070312,933.5013427734375
2018-01-11,932.9564819335938,933.7985229492188,926.2203369140625,928.9445190429688
2018-01-12,934.145263671875,943.8532104492188,929.4398193359375,940.0888671875
2018-01-15,941.0795288085938,949.4996948242188,936.3245849609375,940.2374877929688
2018-01-16,938.8010864257812,938.8010864257812,911.3612060546875,914.2835083007812
2018-01-17,917.3048706054688,920.2766723632812,898.4832763671875,915.8189697265625
2018-01-18,920.2766723632812,920.8710327148438,906.5072021484375,911.0640258789062
2018-01-19,914.3330078125,925.6259765625,913.4414672851562,922.5551147460938
2018-01-22,939.0982666015625,965.1513061523438,931.1734008789062,962.3776245117188
2018-01-23,965.8447265625,981.6449584960938,965.8447265625,974.0172729492188
2018-01-24,972.5313720703125,972.5313720703125,953.6107177734375,957.2760009765625
2018-01-25,958.8114013671875,962.8729248046875,947.1717529296875,956.8302001953125
2018-01-29,957.1273803710938,968.1231689453125,950.2921752929688,955.443359375
2018-01-30,956.7311401367188,956.7311401367188,940.0888671875,941.4757690429688
2018-01-31,941.0795288085938,955.443359375,932.7088623046875,952.2733764648438
2018-02-01,954.205078125,963.46728515625,927.8053588867188,934.9872436523438
2018-02-02,926.2203369140625,935.0863037109375,892.5396118164062,895.858154296875
2018-02-05,885.6053466796875,903.931640625,873.5198974609375,893.6788330078125
2018-02-06,868.7649536132812,889.5678100585938,862.8212890625,883.7232055664062
2018-02-07,894.0750732421875,896.8983154296875,881.6428833007812,886.0015869140625
2018-02-08,889.46875,902.0989990234375,883.9708251953125,896.0562744140625
2018-02-09,880.6522827148438,893.5302124023438,877.6804809570312,889.419189453125
2018-02-12,894.5208129882812,909.578125,893.5797729492188,906.9034423828125
2018-02-14,914.3330078125,933.64990234375,912.351806640625,924.883056640625
2018-02-15,928.845458984375,936.869384765625,919.4346923828125,926.8642578125
2018-02-16,930.7771606445312,933.7490234375,909.4790649414062,912.6489868164062
2018-02-19,912.351806640625,923.24853515625,904.9718017578125,918.2954711914062
2018-02-20,920.2766723632812,920.821533203125,910.1724853515625,912.4508666992188
2018-02-21,921.267333984375,923.7438354492188,913.4910278320312,920.6234130859375
2018-02-22,913.3424072265625,922.2579345703125,911.3612060546875,915.6703491210938
2018-02-23,916.7105102539062,929.1921997070312,914.0853881835938,925.4774169921875
2018-02-26,930.1828002929688,936.0274047851562,927.8053588867188,929.8856201171875
2018-02-27,930.1828002929688,946.8250732421875,929.5388793945312,941.5748291015625
2018-02-28,937.0675659179688,948.1128540039062,934.3433837890625,945.5867919921875
2018-03-01,940.8318481445312,950.8865356445312,937.0675659179688,939.4945068359375
2018-03-05,934.145263671875,941.2280883789062,912.9461669921875,915.4227294921875
2018-03-06,920.2766723632812,927.4091186523438,896.6011352539062,902.297119140625
2018-03-07,900.712158203125,900.712158203125,879.7112426757812,881.395263671875
2018-03-08,889.2210693359375,905.912841796875,884.9119262695312,902.8914794921875
2018-03-09,906.30908203125,910.71728515625,902.4952392578125,904.5260009765625
2018-03-12,911.3612060546875,924.3381958007812,908.9342041015625,921.5645141601562
2018-03-13,923.1494750976562,927.2109375,912.6985473632812,923.0999145507812
2018-03-14,920.0785522460938,923.2980346679688,910.5687255859375,920.3262329101562
2018-03-15,916.3142700195312,920.7224731445312,901.455078125,903.2382202148438
2018-03-16,900.4644775390625,901.1578979492188,877.72998046875,891.5985107421875
2018-03-19,892.5396118164062,898.3842163085938,883.6241455078125,887.0912475585938
2018-03-20,884.9119262695312,895.511474609375,878.7205810546875,881.4447631835938
2018-03-21,886.4473876953125,893.876953125,884.9119262695312,888.4780883789062
2018-03-22,887.5865478515625,903.3867797851562,887.3389282226562,899.6224975585938
2018-03-23,882.2372436523438,891.5490112304688,880.7513427734375,885.5062866210938
2018-03-26,885.5557861328125,895.8086547851562,884.1194458007812,892.638671875
2018-03-27,898.681396484375,902.1980590820312,888.5771484375,891.3508911132812
2018-03-28,887.388427734375,887.43798828125,871.73681640625,874.4114379882812
2018-04-02,884.61474609375,892.4901123046875,878.17578125,884.565185546875
2018-04-03,882.633544921875,893.2330322265625,876.9375,891.1032104492188
2018-04-04,896.2048950195312,903.2382202148438,883.6736450195312,886.4968872070312
2018-04-05,896.6011352539062,901.455078125,895.01611328125,899.6719970703125
2018-04-06,899.473876953125,909.8753051757812,896.5020751953125,902.4457397460938
2018-04-09,903.9811401367188,910.37060546875,903.9811401367188,907.3987426757812
2018-04-10,909.7762451171875,915.224609375,905.566162109375,908.4389038085938
2018-04-11,913.144287109375,923.991455078125,907.4483032226562,922.1093139648438
2018-04-12,921.1187133789062,927.8548583984375,915.5217895507812,919.9794921875
2018-04-13,923.9419555664062,932.857421875,919.9794921875,930.0341796875
2018-04-16,925.675537109375,931.1734008789062,919.7813720703125,928.2510986328125
2018-04-17,931.1734008789062,938.3057861328125,927.2109375,935.3834838867188
2018-04-18,936.3740844726562,939.29638671875,926.2698974609375,929.1921997070312
2018-04-19,930.2818603515625,936.12646484375,926.2203369140625,933.4517822265625
2018-04-20,929.1921997070312,933.0060424804688,912.5499267578125,919.18701171875
2018-04-23,921.267333984375,935.4825439453125,919.7813720703125,927.2109375
2018-04-24,927.0128173828125,966.5382080078125,926.2203369140625,960.9412231445312
2018-04-25,964.5074462890625,972.5809326171875,954.5022583007812,961.3870239257812
2018-04-26,963.863525390625,978.7227172851562,953.2144775390625,966.1914672851562
2018-04-27,980.5057983398438,1001.5067138671875,976.2461547851562,986.9447631835938
2018-04-30,972.779052734375,983.2794799804688,950.985595703125,954.254638671875
2018-05-02,957.9198608398438,970.0053100585938,955.9881591796875,963.5663452148438
2018-05-03,968.717529296875,968.717529296875,950.24267578125,952.570556640625
2018-05-04,953.808837890625,955.6414794921875,941.0795288085938,944.992431640625
2018-05-07,949.8463745117188,964.1112060546875,947.369873046875,961.88232421875
2018-05-08,968.3212890625,972.779052734375,956.1367797851562,958.0189208984375
2018-05-09,956.8302001953125,975.0574340820312,953.2144775390625,967.52880859375
2018-05-10,970.7977905273438,975.3546142578125,965.101806640625,971.93701171875
2018-05-11,972.0360717773438,981.99169921875,968.5689086914062,979.9609375
2018-05-14,982.6356201171875,982.6356201171875,967.52880859375,977.3358154296875
2018-05-15,973.8191528320312,990.6099853515625,967.479248046875,969.7576904296875
2018-05-16,964.8541259765625,964.8541259765625,943.5065307617188,947.1717529296875
2018-05-17,950.3417358398438,950.985595703125,932.6593017578125,936.47314453125
2018-05-18,936.7208251953125,944.546630859375,923.24853515625,925.0811767578125
2018-05-21,922.01025390625,926.9137573242188,913.4414672851562,922.6046142578125
2018-05-22,924.3877563476562,925.229736328125,916.3142700195312,918.0478515625
2018-05-23,917.3048706054688,917.3048706054688,900.6130981445312,903.6839599609375
2018-05-24,905.4175415039062,912.351806640625,901.6036987304688,907.2501831054688
2018-05-25,907.3987426757812,914.7293090820312,905.8633422851562,912.1536865234375
2018-05-28,916.2152099609375,918.2954711914062,909.4790649414062,911.7574462890625
2018-05-29,912.8471069335938,919.2860717773438,905.8137817382812,908.8351440429688
2018-05-30,906.2595825195312,914.5311889648438,898.0870361328125,907.497802734375
2018-05-31,912.351806640625,913.6395874023438,905.96240234375,912.6985473632812
2018-06-01,911.3612060546875,926.9633178710938,909.8257446289062,921.8121337890625
2018-06-04,924.6353759765625,935.1358642578125,921.8121337890625,932.0154418945312
2018-06-05,933.9471435546875,946.0325317382812,932.1640014648438,938.7515869140625
2018-06-06,938.107666015625,947.023193359375,933.7985229492188,945.4381713867188
2018-06-07,945.9334716796875,966.8353881835938,945.4877319335938,962.22900390625
2018-06-08,957.2760009765625,977.2863159179688,951.5799560546875,975.10693359375
2018-06-11,977.8311157226562,990.5604858398438,969.8567504882812,973.4229125976562
2018-06-12,974.1658935546875,990.6099853515625,971.094970703125,987.7867431640625
2018-06-13,990.6099853515625,996.45458984375,980.2086181640625,993.0865478515625
2018-06-14,988.0839233398438,1002.2991943359375,978.1282958984375,998.4853515625
2018-06-15,996.5536499023438,1013.8893432617188,989.8670654296875,1004.6766967773438
2018-06-18,999.327392578125,1010.8679809570312,997.5442504882812,1006.0139770507812
2018-06-19,1004.3794555664062,1005.2710571289062,984.3196411132812,986.6970825195312
2018-06-20,986.6475830078125,1013.2949829101562,985.5083618164062,1009.6792602539062
2018-06-21,1013.8397827148438,1026.27197265625,1011.7100219726562,1022.260009765625
2018-06-22,1018.7433471679688,1019.5358276367188,998.9806518554688,1002.9926147460938
2018-06-25,1001.9029541015625,1006.955078125,992.888427734375,995.0182495117188
2018-06-26,996.5536499023438,996.5536499023438,966.0924072265625,969.7576904296875
2018-06-27,969.3118896484375,976.1470947265625,953.6602783203125,956.7807006835938
2018-06-28,952.966796875,959.40576171875,931.4705810546875,936.076904296875
2018-06-29,940.18798828125,966.340087890625,940.0888671875,963.3187255859375
2018-07-02,963.2196655273438,963.2196655273438,948.0137939453125,951.5799560546875
2018-07-03,955.9386596679688,969.2623901367188,951.3323364257812,962.1795043945312
2018-07-04,962.6748046875,982.6851196289062,961.88232421875,980.802978515625
2018-07-05,987.63818359375,998.93115234375,949.5987548828125,955.443359375
2018-07-06,955.6909790039062,973.7696533203125,955.443359375,968.3707885742188
2018-07-09,977.8311157226562,990.6099853515625,974.2649536132812,987.7372436523438
2018-07-10,993.3341674804688,1018.8424072265625,990.6099853515625,1016.0686645507812
2018-07-11,1015.375244140625,1031.1259765625,1008.2924194335938,1029.045654296875
2018-07-12,1034.5435791015625,1088.680419921875,1032.8099365234375,1072.186767578125
2018-07-13,1070.3541259765625,1098.5865478515625,1069.8587646484375,1089.472900390625
2018-07-16,1089.472900390625,1098.4874267578125,1062.97412109375,1066.094482421875
2018-07-17,1068.1748046875,1085.6590576171875,1059.5565185546875,1082.0928955078125
2018-07-18,1088.0860595703125,1094.227783203125,1067.1842041015625,1082.291015625
2018-07-19,1083.033935546875,1104.5301513671875,1076.149169921875,1094.4754638671875
2018-07-20,1102.9451904296875,1127.8094482421875,1101.459228515625,1118.052001953125
2018-07-23,1119.191162109375,1119.191162109375,1102.64794921875,1109.7803955078125
2018-07-24,1111.4644775390625,1116.1697998046875,1097.00146484375,1100.5181884765625
2018-07-25,1099.5771484375,1112.455078125,1093.83154296875,1104.6787109375
2018-07-26,1099.6761474609375,1110.9691162109375,1097.397705078125,1100.220947265625
2018-07-27,1108.9879150390625,1126.7198486328125,1101.7069091796875,1119.24072265625
2018-07-30,1119.3892822265625,1146.4329833984375,1117.4080810546875,1140.58837890625
2018-07-31,1140.192138671875,1179.22216796875,1136.3782958984375,1174.863525390625
2018-08-01,1179.22216796875,1191.604736328125,1174.26904296875,1181.15380859375
2018-08-02,1180.311767578125,1180.311767578125,1155.001708984375,1157.379150390625
2018-08-03,1163.966796875,1172.386962890625,1158.5679931640625,1165.8984375
2018-08-06,1165.6507568359375,1184.76953125,1164.3134765625,1181.4014892578125
2018-08-07,1183.679931640625,1190.118896484375,1165.947998046875,1173.080322265625
2018-08-08,1173.872802734375,1211.020751953125,1173.872802734375,1206.2657470703125
2018-08-09,1210.0301513671875,1220.1343994140625,1200.619384765625,1206.513427734375
2018-08-10,1199.628662109375,1203.5911865234375,1191.0103759765625,1192.892578125
2018-08-13,1186.3050537109375,1188.6824951171875,1171.594482421875,1176.5474853515625
2018-08-14,1178.825927734375,1205.7705078125,1173.179443359375,1199.232421875
2018-08-16,1191.9515380859375,1204.581787109375,1184.2742919921875,1189.5245361328125
2018-08-17,1197.6474609375,1203.9874267578125,1188.781494140625,1192.44677734375
2018-08-20,1196.557861328125,1225.1864013671875,1196.3101806640625,1223.3043212890625
2018-08-21,1225.6322021484375,1239.7484130859375,1215.478515625,1235.48876953125
2018-08-23,1234.5972900390625,1262.037109375,1226.771484375,1257.5299072265625
2018-08-24,1253.3692626953125,1267.9312744140625,1248.2181396484375,1265.5042724609375
2018-08-27,1267.386474609375,1283.6820068359375,1266.7425537109375,1279.372802734375
2018-08-28,1283.83056640625,1310.5770263671875,1282.8399658203125,1306.6146240234375
2018-08-29,1303.93994140625,1316.520751953125,1278.0850830078125,1282.0474853515625
2018-08-30,1281.453125,1284.9697265625,1258.5205078125,1262.48291015625
2018-08-31,1258.07470703125,1258.07470703125,1224.98828125,1229.990966796875
2018-09-03,1233.3094482421875,1246.08837890625,1214.537353515625,1217.6082763671875
2018-09-04,1223.552001953125,1243.0174560546875,1217.459716796875,1230.2880859375
2018-09-05,1230.8328857421875,1240.8875732421875,1197.1522216796875,1215.478515625
2018-09-06,1218.598876953125,1253.8150634765625,1213.843994140625,1249.555419921875
2018-09-07,1253.0225830078125,1269.318115234375,1242.72021484375,1266.593994140625
2018-09-10,1263.0277099609375,1265.009033203125,1238.361572265625,1244.0576171875
2018-09-11,1247.177978515625,1256.48974609375,1222.660400390625,1226.0780029296875
2018-09-12,1240.045654296875,1246.880859375,1217.3111572265625,1240.739013671875
2018-09-14,1247.57421875,1263.6220703125,1235.9345703125,1241.3829345703125
2018-09-17,1239.0054931640625,1239.0054931640625,1210.129150390625,1214.3887939453125
2018-09-18,1214.4879150390625,1227.7620849609375,1202.947265625,1205.720947265625
2018-09-19,1212.506591796875,1212.506591796875,1189.72265625,1199.381103515625
2018-09-21,1207.5535888671875,1225.7808837890625,1172.386962890625,1206.067626953125
2018-09-24,1203.0462646484375,1228.25732421875,1193.189697265625,1220.4810791015625
2018-09-25,1223.898681640625,1233.3094482421875,1183.7789306640625,1219.044677734375
2018-09-26,1227.3658447265625,1242.1754150390625,1215.6270751953125,1239.6494140625
2018-09-27,1243.215576171875,1251.140380859375,1225.8798828125,1241.977294921875
2018-09-28,1248.069580078125,1259.7587890625,1235.587890625,1246.1378173828125
2018-10-01,1245.8902587890625,1245.8902587890625,1192.6944580078125,1220.1343994140625
2018-10-03,1217.9549560546875,1227.960205078125,1188.781494140625,1193.7841796875
2018-10-04,1178.33056640625,1179.22216796875,1095.6146240234375,1111.7120361328125
2018-10-05,1089.1756591796875,1104.827392578125,1028.4017333984375,1039.0013427734375
2018-10-08,1040.1405029296875,1106.5113525390625,1015.9201049804688,1098.9827880859375
2018-10-09,1111.11767578125,1112.752197265625,1071.0474853515625,1079.814453125
2018-10-10,1083.6282958984375,1105.3721923828125,1074.118408203125,1091.7513427734375
2018-10-11,1054.009033203125,1104.282470703125,1033.206298828125,1077.5855712890625
2018-10-12,1094.5745849609375,1118.398681640625,1091.55322265625,1115.9716796875
2018-10-15,1119.290283203125,1136.130615234375,1107.650634765625,1129.0477294921875
2018-10-16,1135.239013671875,1156.4381103515625,1129.29541015625,1152.8719482421875
2018-10-17,1167.92919921875,1168.27587890625,1129.29541015625,1140.4892578125
2018-10-19,1089.6710205078125,1100.5677490234375,1060.2003173828125,1090.958740234375
2018-10-22,1099.5771484375,1104.33203125,1047.4215087890625,1052.6717529296875
2018-10-23,1042.8646240234375,1054.7025146484375,1033.85009765625,1044.79638671875
2018-10-24,1064.806640625,1065.8468017578125,1021.7151489257812,1035.930419921875
2018-10-25,1026.27197265625,1030.8782958984375,1006.8560180664062,1021.1207885742188
2018-10-26,1023.2010498046875,1047.0748291015625,1012.4034423828125,1035.08837890625
2018-10-29,1036.1781005859375,1083.5787353515625,1036.1781005859375,1077.5855712890625
2018-10-30,1075.30712890625,1075.30712890625,1042.2208251953125,1047.0748291015625
2018-10-31,1049.0560302734375,1055.8416748046875,1037.168701171875,1051.284912109375
2018-11-01,1057.8724365234375,1057.8724365234375,1040.1405029296875,1046.331787109375
2018-11-02,1056.9808349609375,1070.849365234375,1053.1669921875,1064.806640625
2018-11-05,1063.370361328125,1082.4395751953125,1054.9996337890625,1080.0621337890625
2018-11-06,1083.727294921875,1101.558349609375,1081.349853515625,1093.7325439453125
2018-11-07,1104.5301513671875,1104.5301513671875,1096.30810546875,1100.2705078125
2018-11-09,1095.8623046875,1103.3414306640625,1074.8118896484375,1083.1824951171875
2018-11-12,1087.392578125,1088.4822998046875,1064.4599609375,1069.8587646484375
2018-11-13,1063.9151611328125,1092.642822265625,1060.002197265625,1089.126220703125
2018-11-14,1094.673583984375,1102.2022705078125,1075.30712890625,1087.6402587890625
2018-11-15,1086.649658203125,1092.642822265625,1076.2977294921875,1086.550537109375
2018-11-16,1087.6402587890625,1119.3397216796875,1086.7982177734375,1116.813720703125
2018-11-19,1122.2620849609375,1140.885498046875,1120.3798828125,1139.2015380859375
2018-11-20,1134.2484130859375,1145.046142578125,1119.3892822265625,1126.7198486328125
2018-11-21,1126.81884765625,1134.7437744140625,1096.65478515625,1102.4498291015625
2018-11-22,1104.034912109375,1114.782958984375,1089.77001953125,1092.4942626953125
2018-11-26,1098.5865478515625,1107.0067138671875,1087.095458984375,1099.3294677734375
2018-11-27,1097.496826171875,1119.3892822265625,1095.06982421875,1117.606201171875
2018-11-28,1121.8162841796875,1146.8787841796875,1115.7239990234375,1141.82666015625
2018-11-29,1150.0982666015625,1168.82080078125,1149.107666015625,1157.52783203125
2018-11-30,1161.2921142578125,1174.863525390625,1151.385986328125,1156.586669921875
2018-12-03,1163.86767578125,1163.86767578125,1137.715576171875,1145.5909423828125
2018-12-04,1147.1263427734375,1147.1263427734375,1131.4747314453125,1141.4798583984375
2018-12-05,1133.01025390625,1147.9188232421875,1128.6019287109375,1144.3031005859375
2018-12-06,1138.2109375,1138.2109375,1107.7496337890625,1113.098876953125
2018-12-07,1118.844482421875,1126.2740478515625,1097.942626953125,1123.1536865234375
2018-12-10,1099.5771484375,1103.8367919921875,1072.9296875,1080.0125732421875
2018-12-11,1055.990234375,1091.7513427734375,1045.093505859375,1087.2440185546875
2018-12-12,1088.680419921875,1103.044189453125,1077.5360107421875,1100.0723876953125
2018-12-13,1117.4080810546875,1117.4080810546875,1084.7674560546875,1096.65478515625
2018-12-14,1092.741943359375,1104.43115234375,1081.5479736328125,1101.7564697265625
2018-12-17,1105.47119140625,1122.361083984375,1101.06298828125,1119.290283203125
2018-12-18,1112.752197265625,1128.3048095703125,1109.978515625,1125.729248046875
2018-12-19,1130.7813720703125,1136.52685546875,1122.5592041015625,1126.12548828125
2018-12-20,1110.473876953125,1121.8658447265625,1105.6693115234375,1117.8538818359375
2018-12-21,1114.436279296875,1120.6275634765625,1085.7086181640625,1089.869140625
2018-12-24,1090.5625,1092.8409423828125,1076.3472900390625,1078.9228515625
2018-12-26,1075.6043701171875,1089.6710205078125,1055.6435546875,1088.0364990234375
2018-12-27,1096.8033447265625,1116.41748046875,1093.6334228515625,1109.6812744140625
2018-12-28,1114.9315185546875,1124.5899658203125,1110.6719970703125,1114.9810791015625
